territory_code	cd_nom	revised_conservation_priority	revision_date
ALP	610607	2	2020-01-01
ALP	133766	2	2020-01-01
ALP	81166	2	2020-01-01
ALP	126806	2	2020-01-01
ALP	98979	2	2020-01-01
ALP	107509	1	2020-01-01
ALP	132920	2	2020-01-01
ALP	127469	2	2020-01-01
ALP	123899	2	2020-01-01
ALP	99741	2	2020-01-01
ALP	104192	1	2020-01-01
ALP	99988	2	2020-01-01
ALP	138817	2	2020-01-01
ALP	81926	2	2020-01-01
ALP	117521	1	2020-01-01
ALP	89841	1	2020-01-01
ALP	110294	1	2020-01-01
ALP	101789	2	2020-01-01
ALP	88932	2	2020-01-01
ALP	611038	2	2020-01-01
ALP	100273	1	2020-01-01
ALP	92700	2	2020-01-01
ALP	132569	2	2020-01-01
ALP	717782	2	2020-01-01
ALP	96469	1	2020-01-01
ALP	84297	2	2020-01-01
ALP	97133	2	2020-01-01
ALP	104766	1	2020-01-01
ALP	526279	1	2020-01-01
ALP	619231	1	2020-01-01
ALP	112592	2	2020-01-01
ALP	109534	2	2020-01-01
ALP	111661	1	2020-01-01
ALP	160974	2	2020-01-01
ALP	102451	1	2020-01-01
ALP	161281	2	2020-01-01
ALP	103803	1	2020-01-01
ALP	120951	2	2020-01-01
ALP	102523	1	2020-01-01
ALP	94449	2	2020-01-01
ALP	92651	2	2020-01-01
ALP	132196	1	2020-01-01
ALP	103383	2	2020-01-01
ALP	83945	2	2020-01-01
ALP	99951	2	2020-01-01
ALP	107132	2	2020-01-01
ALP	131929	1	2020-01-01
ALP	102794	2	2020-01-01
ALP	113632	2	2020-01-01
ALP	80351	2	2020-01-01
ALP	127928	1	2020-01-01
ALP	117681	2	2020-01-01
ALP	85628	2	2020-01-01
ALP	121205	2	2020-01-01
ALP	98978	2	2020-01-01
ALP	99808	2	2020-01-01
ALP	108684	2	2020-01-01
ALP	130885	1	2020-01-01
ALP	121461	1	2020-01-01
ALP	121124	2	2020-01-01
ALP	128391	2	2020-01-01
ALP	88662	1	2020-01-01
ALP	120962	2	2020-01-01
ALP	125173	2	2020-01-01
ALP	121455	2	2020-01-01
ALP	127950	1	2020-01-01
ALP	106260	2	2020-01-01
ALP	612649	2	2020-01-01
ALP	127921	1	2020-01-01
ALP	88386	1	2020-01-01
ALP	115574	1	2020-01-01
ALP	718346	1	2020-01-01
ALP	610645	2	2020-01-01
ALP	611482	2	2020-01-01
ALP	115873	1	2020-01-01
ALP	115395	2	2020-01-01
ALP	103233	2	2020-01-01
ALP	122215	1	2020-01-01
ALP	90046	2	2020-01-01
ALP	95398	2	2020-01-01
ALP	115458	2	2020-01-01
ALP	113369	2	2020-01-01
ALP	610654	1	2020-01-01
ALP	130128	1	2020-01-01
ALP	102499	1	2020-01-01
ALP	88360	2	2020-01-01
ALP	121035	2	2020-01-01
ALP	84791	2	2020-01-01
ALP	612626	2	2020-01-01
ALP	100024	2	2020-01-01
ALP	127943	1	2020-01-01
ALP	115563	1	2020-01-01
ALP	82509	1	2020-01-01
ALP	128084	2	2020-01-01
ALP	114579	2	2020-01-01
ALP	134412	2	2020-01-01
ALP	89149	2	2020-01-01
ALP	83951	2	2020-01-01
ALP	138241	1	2020-01-01
ALP	86199	1	2020-01-01
ALP	109099	1	2020-01-01
ALP	610872	1	2020-01-01
ALP	100945	2	2020-01-01
ALP	93122	2	2020-01-01
ALP	611535	1	2020-01-01
ALP	103768	2	2020-01-01
ALP	127423	2	2020-01-01
ALP	127945	1	2020-01-01
ALP	87601	2	2020-01-01
ALP	99193	1	2020-01-01
ALP	140804	2	2020-01-01
ALP	120819	2	2020-01-01
ALP	99521	1	2020-01-01
ALP	100201	1	2020-01-01
ALP	115894	2	2020-01-01
ALP	95340	2	2020-01-01
ALP	612475	2	2020-01-01
ALP	100033	1	2020-01-01
ALP	129646	2	2020-01-01
ALP	116963	2	2020-01-01
ALP	84859	2	2020-01-01
ALP	83992	1	2020-01-01
ALP	96939	2	2020-01-01
ALP	88675	2	2020-01-01
ALP	717776	1	2020-01-01
ALP	123082	1	2020-01-01
AURA	150460	2	2019-01-01
AURA	81522	2	2019-01-01
AURA	125173	2	2019-01-01
AURA	120819	2	2019-01-01
AURA	82287	2	2019-01-01
AURA	88675	2	2019-01-01
AURA	120056	2	2019-01-01
AURA	107024	2	2019-01-01
AURA	107407	2	2019-01-01
AURA	91727	2	2019-01-01
AURA	119970	2	2019-01-01
AURA	105908	2	2019-01-01
AURA	81260	2	2019-01-01
AURA	94449	2	2019-01-01
AURA	138126	2	2019-01-01
AURA	88932	2	2019-01-01
AURA	109534	2	2019-01-01
AURA	109735	2	2019-01-01
AURA	88508	2	2019-01-01
AURA	103777	2	2019-01-01
AURA	111464	2	2019-01-01
AURA	143482	2	2019-01-01
AURA	108623	2	2019-01-01
AURA	87275	2	2019-01-01
AURA	122305	2	2019-01-01
AURA	106260	2	2019-01-01
AURA	612465	2	2019-01-01
AURA	84817	2	2019-01-01
AURA	115883	2	2019-01-01
AURA	129137	2	2019-01-01
AURA	102930	2	2019-01-01
AURA	88386	2	2019-01-01
AURA	115894	2	2019-01-01
AURA	117090	2	2019-01-01
AURA	103383	1	2019-01-01
AURA	88391	2	2019-01-01
AURA	86186	2	2019-01-01
AURA	612499	2	2019-01-01
AURA	83951	2	2019-01-01
AURA	123082	2	2019-01-01
AURA	94252	2	2019-01-01
AURA	138282	2	2019-01-01
AURA	609224	2	2019-01-01
AURA	81166	2	2019-01-01
AURA	88380	2	2019-01-01
AURA	110068	1	2019-01-01
AURA	96443	2	2019-01-01
AURA	136789	2	2019-01-01
AURA	92331	2	2019-01-01
AURA	105086	2	2019-01-01
AURA	88077	2	2019-01-01
AURA	115302	2	2019-01-01
AURA	99951	2	2019-01-01
AURA	788868	2	2019-01-01
AURA	81098	2	2019-01-01
AURA	111539	2	2019-01-01
AURA	131849	2	2019-01-01
AURA	94068	2	2019-01-01
AURA	84476	1	2019-01-01
AURA	81935	2	2019-01-01
AURA	141033	2	2019-01-01
AURA	127921	1	2019-01-01
AURA	96469	2	2019-01-01
AURA	95439	2	2019-01-01
AURA	101295	2	2019-01-01
AURA	127546	2	2019-01-01
AURA	103768	2	2019-01-01
AURA	95601	1	2019-01-01
AURA	88606	2	2019-01-01
AURA	95550	2	2019-01-01
AURA	83607	2	2019-01-01
AURA	82661	2	2019-01-01
AURA	80955	1	2019-01-01
AURA	140804	2	2019-01-01
AURA	106446	2	2019-01-01
AURA	100278	2	2019-01-01
AURA	106258	2	2019-01-01
AURA	619231	2	2019-01-01
AURA	97567	2	2019-01-01
AURA	81347	2	2019-01-01
AURA	127950	1	2019-01-01
AURA	82619	2	2019-01-01
AURA	81316	2	2019-01-01
AURA	121205	2	2019-01-01
AURA	131929	2	2019-01-01
AURA	129898	2	2019-01-01
AURA	93829	2	2019-01-01
AURA	88420	2	2019-01-01
AURA	101777	2	2019-01-01
AURA	120962	2	2019-01-01
AURA	88576	2	2019-01-01
AURA	121552	2	2019-01-01
AURA	127945	1	2019-01-01
AURA	718375	2	2019-01-01
AURA	100288	1	2019-01-01
AURA	92807	2	2019-01-01
AURA	121329	2	2019-01-01
AURA	127458	2	2019-01-01
AURA	127469	2	2019-01-01
AURA	115574	2	2019-01-01
AURA	86394	1	2019-01-01
AURA	95368	2	2019-01-01
AURA	95847	2	2019-01-01
AURA	114579	2	2019-01-01
AURA	100702	2	2019-01-01
AURA	117732	2	2019-01-01
AURA	83756	1	2019-01-01
AURA	136883	2	2019-01-01
AURA	138817	2	2019-01-01
AURA	90080	2	2019-01-01
AURA	88360	2	2019-01-01
AURA	115563	2	2019-01-01
AURA	114554	2	2019-01-01
AURA	145654	2	2019-01-01
AURA	91346	2	2019-01-01
AURA	160269	2	2019-01-01
AURA	79914	2	2019-01-01
AURA	79868	2	2019-01-01
AURA	87417	2	2019-01-01
AURA	108484	1	2019-01-01
AURA	85897	2	2019-01-01
AURA	133172	2	2019-01-01
AURA	117681	2	2019-01-01
AURA	127943	1	2019-01-01
AURA	81142	2	2019-01-01
AURA	105204	1	2019-01-01
AURA	130729	2	2019-01-01
AURA	92254	2	2019-01-01
AURA	130728	2	2019-01-01
AURA	137017	2	2019-01-01
AURA	131826	2	2019-01-01
AURA	111474	2	2019-01-01
AURA	137834	1	2019-01-01
AURA	81620	2	2019-01-01
AURA	95398	2	2019-01-01
AURA	129643	2	2019-01-01
AURA	810955	2	2019-01-01
AURA	521628	2	2019-01-01
AURA	610647	2	2019-01-01
AURA	109095	1	2019-01-01
AURA	92651	2	2019-01-01
AURA	103843	2	2019-01-01
AURA	138241	2	2019-01-01
AURA	159499	2	2019-01-01
AURA	94114	2	2019-01-01
AURA	123560	2	2019-01-01
AURA	92054	2	2019-01-01
AURA	120951	2	2019-01-01
AURA	96664	2	2019-01-01
AURA	103995	2	2019-01-01
AURA	139818	2	2019-01-01
AURA	159574	2	2019-01-01
AURA	127928	1	2019-01-01
AURA	105641	2	2019-01-01
AURA	717746	2	2019-01-01
AURA	88662	2	2019-01-01
AURA	106353	2	2019-01-01
AURA	112592	2	2019-01-01
AURA	138235	2	2019-01-01
AURA	88400	2	2019-01-01
AURA	82478	2	2019-01-01
AURA	521629	2	2019-01-01
AURA	134101	1	2019-01-01
AURA	99988	2	2019-01-01
AURA	86199	2	2019-01-01
AURA	123669	2	2019-01-01
AURA	114519	2	2019-01-01
AURA	718271	2	2019-01-01
AURA	115458	2	2019-01-01
AURA	84328	2	2019-01-01
AURA	107013	2	2019-01-01
AURA	124534	2	2019-01-01
AURA	154761	2	2019-01-01
AURA	110108	2	2019-01-01
AURA	117139	2	2019-01-01
AURA	124775	2	2019-01-01
AURA	88693	2	2019-01-01
AURA	95860	2	2019-01-01
AURA	99763	1	2019-01-01
AURA	88669	2	2019-01-01
AURA	88472	2	2019-01-01
AURA	103020	1	2019-01-01
AURA	99741	2	2019-01-01
AURA	96851	2	2019-01-01
AURA	610911	2	2019-01-01
AURA	128084	2	2019-01-01
AURA	100273	1	2019-01-01
AURA	526279	1	2019-01-01
AURA	611038	2	2019-01-01
AURA	138547	2	2019-01-01
AURA	719047	2	2019-01-01
AURA	91199	2	2019-01-01
AURA	90116	2	2019-01-01
AURA	93122	2	2019-01-01
AURA	121096	2	2019-01-01
AURA	90046	2	2019-01-01
AURA	97133	2	2019-01-01
AURA	128311	2	2019-01-01
AURA	133766	2	2019-01-01
AURA	101262	2	2019-01-01
AURA	132569	2	2019-01-01
AURA	111976	2	2019-01-01
AURA	127501	2	2019-01-01
AURA	117820	1	2019-01-01
AURA	107086	2	2019-01-01
AURA	83638	2	2019-01-01
AURA	139765	2	2019-01-01
AURA	610593	2	2019-01-01
AURA	115903	2	2019-01-01
AURA	718376	2	2019-01-01
AURA	127918	1	2019-01-01
AURA	96742	2	2019-01-01
AURA	81355	1	2019-01-01
AURA	129646	2	2019-01-01
AURA	131373	2	2019-01-01
AURA	95589	2	2019-01-01
AURA	123899	2	2019-01-01
AURA	127222	2	2019-01-01
AURA	811241	2	2019-01-01
AURA	125519	2	2019-01-01
AURA	87620	2	2019-01-01
AURA	130128	1	2019-01-01
AURA	127191	2	2019-01-01
AURA	610645	2	2019-01-01
AURA	111452	2	2019-01-01
AURA	88426	1	2019-01-01
AURA	111972	2	2019-01-01
AURA	109057	2	2019-01-01
AURA	82286	2	2019-01-01
AURA	84839	2	2019-01-01
AURA	81035	2	2019-01-01
AURA	119968	2	2019-01-01
AURA	88509	2	2019-01-01
AURA	128391	2	2019-01-01
AURA	121554	2	2019-01-01
AURA	88344	2	2019-01-01
AURA	99193	1	2019-01-01
AURA	117521	1	2019-01-01
AURA	610789	2	2019-01-01
AURA	89149	2	2019-01-01
AURA	111233	2	2019-01-01
AURA	121174	2	2019-01-01
AURA	121124	2	2019-01-01
AURA	128470	2	2019-01-01
AURA	82509	2	2019-01-01
AURA	82282	2	2019-01-01
AURA	103501	1	2019-01-01
AURA	121024	2	2019-01-01
AURA	788870	1	2019-01-01
AURA	132840	2	2019-01-01
AURA	84859	2	2019-01-01
AURA	126806	2	2019-01-01
01	81098	3	2019-01-01
01	81142	3	2019-01-01
01	81166	3	2019-01-01
01	81190	3	2019-01-01
01	81260	3	2019-01-01
01	81316	2	2019-01-01
01	81347	3	2019-01-01
01	81501	3	2019-01-01
01	82130	2	2019-01-01
01	82282	3	2019-01-01
01	82286	2	2019-01-01
01	82544	3	2019-01-01
01	83152	3	2019-01-01
01	83584	3	2019-01-01
01	84328	3	2019-01-01
01	84330	3	2019-01-01
01	85486	2	2019-01-01
01	87275	3	2019-01-01
01	88344	3	2019-01-01
01	88391	3	2019-01-01
01	88472	3	2019-01-01
01	88632	3	2019-01-01
01	88669	3	2019-01-01
01	88762	3	2019-01-01
01	88845	3	2019-01-01
01	89316	3	2019-01-01
01	92515	3	2019-01-01
01	93456	3	2019-01-01
01	94068	3	2019-01-01
01	94423	3	2019-01-01
01	94572	3	2019-01-01
01	94833	3	2019-01-01
01	95439	3	2019-01-01
01	95847	1	2019-01-01
01	95860	3	2019-01-01
01	95877	3	2019-01-01
01	95916	2	2019-01-01
01	96130	3	2019-01-01
01	96134	3	2019-01-01
01	96851	3	2019-01-01
01	97133	3	2019-01-01
01	97904	1	2019-01-01
01	98596	3	2019-01-01
01	99566	3	2019-01-01
01	100275	3	2019-01-01
01	100278	3	2019-01-01
01	101220	3	2019-01-01
01	101223	3	2019-01-01
01	101262	3	2019-01-01
01	102930	3	2019-01-01
01	103272	3	2019-01-01
01	103777	3	2019-01-01
01	103862	3	2019-01-01
01	103995	2	2019-01-01
01	105086	3	2019-01-01
01	105548	2	2019-01-01
01	105827	1	2019-01-01
01	106258	3	2019-01-01
01	106353	2	2019-01-01
01	106993	3	2019-01-01
01	107407	3	2019-01-01
01	109057	2	2019-01-01
01	109126	2	2019-01-01
01	110108	3	2019-01-01
01	110341	1	2019-01-01
01	111452	3	2019-01-01
01	111474	3	2019-01-01
01	114554	2	2019-01-01
01	115226	3	2019-01-01
01	115256	3	2019-01-01
01	115669	3	2019-01-01
01	116870	2	2019-01-01
01	117146	2	2019-01-01
01	117156	2	2019-01-01
01	121329	3	2019-01-01
01	121552	2	2019-01-01
01	121554	3	2019-01-01
01	123562	3	2019-01-01
01	123789	3	2019-01-01
01	123960	2	2019-01-01
01	124412	2	2019-01-01
01	124699	3	2019-01-01
01	125319	3	2019-01-01
01	127191	3	2019-01-01
01	128311	3	2019-01-01
01	128315	2	2019-01-01
01	128343	3	2019-01-01
01	128347	3	2019-01-01
01	129643	3	2019-01-01
01	131848	3	2019-01-01
01	137017	3	2019-01-01
01	138235	1	2019-01-01
01	138282	3	2019-01-01
01	138815	3	2019-01-01
01	141033	3	2019-01-01
01	142006	1	2019-01-01
01	154761	3	2019-01-01
01	159499	3	2019-01-01
01	521629	3	2019-01-01
01	610910	2	2019-01-01
01	612499	3	2019-01-01
01	717746	3	2019-01-01
01	718211	3	2019-01-01
01	718375	3	2019-01-01
01	888128	2	2019-01-01
26	79865	2	2019-01-01
26	79914	3	2019-01-01
26	80864	3	2019-01-01
26	81035	3	2019-01-01
26	81287	2	2019-01-01
26	81507	2	2019-01-01
26	81624	2	2019-01-01
26	81935	3	2019-01-01
26	82509	3	2019-01-01
26	82619	2	2019-01-01
26	83422	3	2019-01-01
26	83535	3	2019-01-01
26	83638	3	2019-01-01
26	84100	3	2019-01-01
26	84297	1	2019-01-01
26	84328	3	2019-01-01
26	84330	3	2019-01-01
26	84514	3	2019-01-01
26	84817	3	2019-01-01
26	84904	3	2019-01-01
26	86394	2	2019-01-01
26	87053	3	2019-01-01
26	87102	2	2019-01-01
26	87106	2	2019-01-01
26	87136	2	2019-01-01
26	87275	3	2019-01-01
26	88344	3	2019-01-01
26	88391	3	2019-01-01
26	88465	3	2019-01-01
26	88576	2	2019-01-01
26	88893	3	2019-01-01
26	89531	3	2019-01-01
26	90180	3	2019-01-01
26	90222	2	2019-01-01
26	92254	2	2019-01-01
26	92566	3	2019-01-01
26	92615	2	2019-01-01
26	92651	2	2019-01-01
26	93140	2	2019-01-01
26	93307	3	2019-01-01
26	93829	3	2019-01-01
26	94068	3	2019-01-01
26	94079	3	2019-01-01
26	94114	3	2019-01-01
26	94578	3	2019-01-01
26	94599	2	2019-01-01
26	94830	2	2019-01-01
26	94833	3	2019-01-01
26	94923	3	2019-01-01
26	95741	3	2019-01-01
26	96130	3	2019-01-01
26	96134	3	2019-01-01
26	96443	3	2019-01-01
26	96469	3	2019-01-01
26	97222	3	2019-01-01
26	97601	2	2019-01-01
26	99165	3	2019-01-01
26	99193	3	2019-01-01
26	99741	3	2019-01-01
26	100273	3	2019-01-01
26	100576	3	2019-01-01
26	100710	2	2019-01-01
26	101295	2	2019-01-01
26	101315	2	2019-01-01
26	102930	3	2019-01-01
26	102990	3	2019-01-01
26	103120	2	2019-01-01
26	103142	2	2019-01-01
26	103433	2	2019-01-01
26	103598	2	2019-01-01
26	104148	2	2019-01-01
26	104329	3	2019-01-01
26	105204	3	2019-01-01
26	105239	2	2019-01-01
26	105687	2	2019-01-01
26	106280	3	2019-01-01
26	106419	3	2019-01-01
26	106446	2	2019-01-01
26	107106	3	2019-01-01
26	109057	2	2019-01-01
26	109252	2	2019-01-01
26	109769	2	2019-01-01
26	109869	2	2019-01-01
26	110068	1	2019-01-01
26	110108	3	2019-01-01
26	110110	3	2019-01-01
26	110385	3	2019-01-01
26	110445	3	2019-01-01
26	110473	2	2019-01-01
26	111464	3	2019-01-01
26	111560	2	2019-01-01
26	111972	2	2019-01-01
26	112293	3	2019-01-01
26	112590	2	2019-01-01
26	113090	3	2019-01-01
26	113547	3	2019-01-01
26	114209	2	2019-01-01
26	114226	3	2019-01-01
26	114554	2	2019-01-01
26	114660	2	2019-01-01
26	116870	2	2019-01-01
26	117712	3	2019-01-01
26	117820	3	2019-01-01
26	121329	3	2019-01-01
26	121556	2	2019-01-01
26	123293	3	2019-01-01
26	123560	3	2019-01-01
26	123597	2	2019-01-01
26	124534	2	2019-01-01
26	124699	3	2019-01-01
26	126213	3	2019-01-01
26	126478	2	2019-01-01
26	126615	3	2019-01-01
26	127269	3	2019-01-01
26	127501	3	2019-01-01
26	127915	3	2019-01-01
26	127988	2	2019-01-01
26	128084	2	2019-01-01
26	128330	3	2019-01-01
26	128469	2	2019-01-01
26	128782	1	2019-01-01
26	129481	2	2019-01-01
26	129596	3	2019-01-01
26	131373	2	2019-01-01
26	131826	3	2019-01-01
26	131849	3	2019-01-01
26	133046	3	2019-01-01
26	133860	3	2019-01-01
26	136789	3	2019-01-01
26	137171	3	2019-01-01
26	138067	3	2019-01-01
26	138126	3	2019-01-01
26	138235	1	2019-01-01
26	138244	3	2019-01-01
26	138282	3	2019-01-01
26	138535	3	2019-01-01
26	138547	3	2019-01-01
26	138815	3	2019-01-01
26	138865	3	2019-01-01
26	140615	3	2019-01-01
26	140804	3	2019-01-01
26	141033	3	2019-01-01
26	150460	3	2019-01-01
26	159499	3	2019-01-01
26	160269	2	2019-01-01
26	521629	3	2019-01-01
26	612395	1	2019-01-01
26	612465	2	2019-01-01
26	717075	3	2019-01-01
26	717152	3	2019-01-01
26	717572	3	2019-01-01
26	717746	3	2019-01-01
26	717776	1	2019-01-01
26	810955	1	2019-01-01
26	811241	3	2019-01-01
38	79914	3	2019-01-01
38	81096	3	2019-01-01
38	81287	2	2019-01-01
38	81316	2	2019-01-01
38	81347	3	2019-01-01
38	81501	3	2019-01-01
38	81522	3	2019-01-01
38	81658	3	2019-01-01
38	82282	3	2019-01-01
38	82286	2	2019-01-01
38	82478	3	2019-01-01
38	82509	3	2019-01-01
38	82619	2	2019-01-01
38	83584	3	2019-01-01
38	83945	2	2019-01-01
38	83958	3	2019-01-01
38	84328	3	2019-01-01
38	84817	3	2019-01-01
38	85486	2	2019-01-01
38	86199	3	2019-01-01
38	87106	2	2019-01-01
38	87136	2	2019-01-01
38	87275	3	2019-01-01
38	87417	3	2019-01-01
38	87613	3	2019-01-01
38	87963	3	2019-01-01
38	88077	2	2019-01-01
38	88344	3	2019-01-01
38	88380	3	2019-01-01
38	88391	3	2019-01-01
38	88400	3	2019-01-01
38	88465	3	2019-01-01
38	88468	2	2019-01-01
38	88493	3	2019-01-01
38	88508	3	2019-01-01
38	88614	2	2019-01-01
38	88669	3	2019-01-01
38	88693	3	2019-01-01
38	88762	3	2019-01-01
38	89316	3	2019-01-01
38	90116	3	2019-01-01
38	91346	3	2019-01-01
38	93829	3	2019-01-01
38	93929	2	2019-01-01
38	94063	3	2019-01-01
38	94068	3	2019-01-01
38	94578	3	2019-01-01
38	95398	3	2019-01-01
38	95439	3	2019-01-01
38	95847	1	2019-01-01
38	95916	2	2019-01-01
38	96443	3	2019-01-01
38	96469	3	2019-01-01
38	96742	3	2019-01-01
38	96851	3	2019-01-01
38	97133	3	2019-01-01
38	98060	3	2019-01-01
38	98988	2	2019-01-01
38	99165	3	2019-01-01
38	99566	3	2019-01-01
38	100024	3	2019-01-01
38	100576	3	2019-01-01
38	100702	3	2019-01-01
38	101223	3	2019-01-01
38	101295	2	2019-01-01
38	101315	2	2019-01-01
38	102794	3	2019-01-01
38	102930	3	2019-01-01
38	103027	3	2019-01-01
38	103120	2	2019-01-01
38	103501	3	2019-01-01
38	103598	2	2019-01-01
38	103995	2	2019-01-01
38	104123	3	2019-01-01
38	104302	2	2019-01-01
38	105010	3	2019-01-01
38	105086	3	2019-01-01
38	105239	2	2019-01-01
38	105407	3	2019-01-01
38	105548	2	2019-01-01
38	105827	1	2019-01-01
38	106258	3	2019-01-01
38	106353	2	2019-01-01
38	106545	3	2019-01-01
38	106807	3	2019-01-01
38	106993	3	2019-01-01
38	107085	2	2019-01-01
38	107407	3	2019-01-01
38	109057	2	2019-01-01
38	109534	3	2019-01-01
38	109769	2	2019-01-01
38	109869	2	2019-01-01
38	110108	3	2019-01-01
38	110341	1	2019-01-01
38	110385	3	2019-01-01
38	110445	3	2019-01-01
38	111464	3	2019-01-01
38	111474	3	2019-01-01
38	111972	2	2019-01-01
38	111976	3	2019-01-01
38	112590	2	2019-01-01
38	113090	3	2019-01-01
38	113178	2	2019-01-01
38	113213	3	2019-01-01
38	114226	3	2019-01-01
38	114519	2	2019-01-01
38	115395	2	2019-01-01
38	115458	1	2019-01-01
38	115519	3	2019-01-01
38	115883	3	2019-01-01
38	116225	3	2019-01-01
38	116870	2	2019-01-01
38	117156	2	2019-01-01
38	117731	3	2019-01-01
38	117732	3	2019-01-01
38	119968	3	2019-01-01
38	119970	3	2019-01-01
38	120056	3	2019-01-01
38	120951	3	2019-01-01
38	121124	3	2019-01-01
38	121174	3	2019-01-01
38	121329	3	2019-01-01
38	121500	3	2019-01-01
38	121552	2	2019-01-01
38	121554	3	2019-01-01
38	121556	2	2019-01-01
38	121570	2	2019-01-01
38	121860	3	2019-01-01
38	123669	2	2019-01-01
38	123789	3	2019-01-01
38	123899	3	2019-01-01
38	124412	2	2019-01-01
38	124699	3	2019-01-01
38	125173	3	2019-01-01
38	126213	3	2019-01-01
38	127191	3	2019-01-01
38	127195	3	2019-01-01
38	127457	2	2019-01-01
38	127469	2	2019-01-01
38	128084	2	2019-01-01
38	128315	2	2019-01-01
38	128330	3	2019-01-01
38	128347	3	2019-01-01
38	129275	3	2019-01-01
38	129643	3	2019-01-01
38	129898	3	2019-01-01
38	131826	3	2019-01-01
38	133172	3	2019-01-01
38	137017	3	2019-01-01
38	138126	3	2019-01-01
38	138235	1	2019-01-01
38	138241	1	2019-01-01
38	138547	3	2019-01-01
38	138815	3	2019-01-01
38	138817	3	2019-01-01
38	139765	3	2019-01-01
38	139818	3	2019-01-01
38	141033	3	2019-01-01
38	142006	1	2019-01-01
38	150460	3	2019-01-01
38	159499	3	2019-01-01
38	161860	3	2019-01-01
38	521629	3	2019-01-01
38	610910	2	2019-01-01
38	611038	3	2019-01-01
38	611983	3	2019-01-01
38	717572	3	2019-01-01
38	717746	3	2019-01-01
38	718211	3	2019-01-01
38	718375	3	2019-01-01
38	718376	3	2019-01-01
38	811241	3	2019-01-01
38	888128	2	2019-01-01
73	79914	3	2019-01-01
73	79939	3	2019-01-01
73	80224	3	2019-01-01
73	81096	3	2019-01-01
73	81098	3	2019-01-01
73	81316	2	2019-01-01
73	81347	3	2019-01-01
73	82282	3	2019-01-01
73	82286	2	2019-01-01
73	82420	3	2019-01-01
73	82478	3	2019-01-01
73	82535	3	2019-01-01
73	82619	2	2019-01-01
73	83607	3	2019-01-01
73	83945	2	2019-01-01
73	83951	3	2019-01-01
73	84817	3	2019-01-01
73	84839	3	2019-01-01
73	84859	3	2019-01-01
73	85486	2	2019-01-01
73	86199	3	2019-01-01
73	87136	2	2019-01-01
73	87218	3	2019-01-01
73	87275	3	2019-01-01
73	87613	3	2019-01-01
73	87897	3	2019-01-01
73	88344	3	2019-01-01
73	88360	3	2019-01-01
73	88380	3	2019-01-01
73	88386	3	2019-01-01
73	88391	3	2019-01-01
73	88400	3	2019-01-01
73	88468	2	2019-01-01
73	88472	3	2019-01-01
73	88508	3	2019-01-01
73	88606	3	2019-01-01
73	88662	3	2019-01-01
73	88675	3	2019-01-01
73	88693	3	2019-01-01
73	88762	3	2019-01-01
73	88893	3	2019-01-01
73	88932	3	2019-01-01
73	89149	3	2019-01-01
73	89316	3	2019-01-01
73	90046	3	2019-01-01
73	91346	3	2019-01-01
73	93112	3	2019-01-01
73	93122	3	2019-01-01
73	93830	3	2019-01-01
73	93929	2	2019-01-01
73	94068	3	2019-01-01
73	94449	2	2019-01-01
73	94833	3	2019-01-01
73	95368	3	2019-01-01
73	95398	3	2019-01-01
73	95439	3	2019-01-01
73	96469	3	2019-01-01
73	96664	3	2019-01-01
73	96742	3	2019-01-01
73	96851	3	2019-01-01
73	97133	3	2019-01-01
73	98060	3	2019-01-01
73	99165	3	2019-01-01
73	99922	2	2019-01-01
73	99951	3	2019-01-01
73	99988	3	2019-01-01
73	100702	3	2019-01-01
73	100824	2	2019-01-01
73	102870	2	2019-01-01
73	102930	3	2019-01-01
73	102990	3	2019-01-01
73	103027	3	2019-01-01
73	103120	2	2019-01-01
73	103383	3	2019-01-01
73	103768	3	2019-01-01
73	103995	2	2019-01-01
73	104123	3	2019-01-01
73	105086	3	2019-01-01
73	105827	1	2019-01-01
73	106260	3	2019-01-01
73	106353	2	2019-01-01
73	106993	3	2019-01-01
73	107509	3	2019-01-01
73	109057	2	2019-01-01
73	109534	3	2019-01-01
73	109769	2	2019-01-01
73	110108	3	2019-01-01
73	111464	3	2019-01-01
73	111474	3	2019-01-01
73	111976	3	2019-01-01
73	112592	3	2019-01-01
73	113090	3	2019-01-01
73	114226	3	2019-01-01
73	114579	3	2019-01-01
73	115458	1	2019-01-01
73	115563	3	2019-01-01
73	115574	3	2019-01-01
73	115894	3	2019-01-01
73	115903	1	2019-01-01
73	117731	3	2019-01-01
73	119533	3	2019-01-01
73	119968	3	2019-01-01
73	119970	3	2019-01-01
73	120056	3	2019-01-01
73	120819	3	2019-01-01
73	120962	3	2019-01-01
73	121124	3	2019-01-01
73	121174	3	2019-01-01
73	121205	2	2019-01-01
73	121556	2	2019-01-01
73	123082	3	2019-01-01
73	123669	2	2019-01-01
73	123899	3	2019-01-01
73	124699	3	2019-01-01
73	125173	3	2019-01-01
73	126070	3	2019-01-01
73	126213	3	2019-01-01
73	126806	3	2019-01-01
73	127081	3	2019-01-01
73	127191	3	2019-01-01
73	127469	2	2019-01-01
73	127918	3	2019-01-01
73	127921	3	2019-01-01
73	127928	3	2019-01-01
73	127943	3	2019-01-01
73	127945	3	2019-01-01
73	127950	3	2019-01-01
73	128084	2	2019-01-01
73	128311	3	2019-01-01
73	128315	2	2019-01-01
73	128330	3	2019-01-01
73	128343	3	2019-01-01
73	128391	3	2019-01-01
73	129557	3	2019-01-01
73	129646	2	2019-01-01
73	129898	3	2019-01-01
73	130728	3	2019-01-01
73	130729	3	2019-01-01
73	131848	3	2019-01-01
73	131929	3	2019-01-01
73	133172	3	2019-01-01
73	138126	3	2019-01-01
73	138241	1	2019-01-01
73	138547	3	2019-01-01
73	138815	3	2019-01-01
73	138817	3	2019-01-01
73	139818	3	2019-01-01
73	140804	3	2019-01-01
73	141033	3	2019-01-01
73	143482	3	2019-01-01
73	145654	3	2019-01-01
73	150460	3	2019-01-01
73	154761	3	2019-01-01
73	159499	3	2019-01-01
73	526279	3	2019-01-01
73	610645	3	2019-01-01
73	610911	3	2019-01-01
73	611983	3	2019-01-01
73	717572	3	2019-01-01
73	718211	3	2019-01-01
73	718376	3	2019-01-01
74	79868	3	2019-01-01
74	81096	3	2019-01-01
74	81098	3	2019-01-01
74	81142	3	2019-01-01
74	81166	3	2019-01-01
74	81347	3	2019-01-01
74	82282	3	2019-01-01
74	82286	2	2019-01-01
74	82478	3	2019-01-01
74	83607	3	2019-01-01
74	84330	3	2019-01-01
74	84817	3	2019-01-01
74	84839	3	2019-01-01
74	86122	2	2019-01-01
74	86199	3	2019-01-01
74	86751	3	2019-01-01
74	87136	2	2019-01-01
74	87275	3	2019-01-01
74	87476	3	2019-01-01
74	88344	3	2019-01-01
74	88380	3	2019-01-01
74	88387	3	2019-01-01
74	88400	3	2019-01-01
74	88404	2	2019-01-01
74	88472	3	2019-01-01
74	88509	3	2019-01-01
74	88562	3	2019-01-01
74	88675	3	2019-01-01
74	88762	3	2019-01-01
74	88932	3	2019-01-01
74	89149	3	2019-01-01
74	91346	3	2019-01-01
74	92515	3	2019-01-01
74	93830	3	2019-01-01
74	93929	2	2019-01-01
74	94068	3	2019-01-01
74	94572	3	2019-01-01
74	94923	3	2019-01-01
74	95368	3	2019-01-01
74	95439	3	2019-01-01
74	95561	3	2019-01-01
74	95589	3	2019-01-01
74	96664	3	2019-01-01
74	96742	3	2019-01-01
74	96851	3	2019-01-01
74	97133	3	2019-01-01
74	98977	3	2019-01-01
74	99922	2	2019-01-01
74	100278	3	2019-01-01
74	100576	3	2019-01-01
74	102794	3	2019-01-01
74	102930	3	2019-01-01
74	103020	3	2019-01-01
74	103995	2	2019-01-01
74	104123	3	2019-01-01
74	105086	3	2019-01-01
74	105239	2	2019-01-01
74	105548	2	2019-01-01
74	106353	2	2019-01-01
74	106419	3	2019-01-01
74	106993	3	2019-01-01
74	107013	3	2019-01-01
74	109057	2	2019-01-01
74	109769	2	2019-01-01
74	109869	2	2019-01-01
74	111233	3	2019-01-01
74	111452	3	2019-01-01
74	115302	3	2019-01-01
74	117096	2	2019-01-01
74	117681	3	2019-01-01
74	119533	3	2019-01-01
74	119968	3	2019-01-01
74	119970	3	2019-01-01
74	120056	3	2019-01-01
74	120962	3	2019-01-01
74	121024	3	2019-01-01
74	121124	3	2019-01-01
74	121174	3	2019-01-01
74	121329	3	2019-01-01
74	121552	2	2019-01-01
74	121556	2	2019-01-01
74	122305	3	2019-01-01
74	124699	3	2019-01-01
74	125319	3	2019-01-01
74	126213	3	2019-01-01
74	127191	3	2019-01-01
74	128084	2	2019-01-01
74	128315	2	2019-01-01
74	128782	1	2019-01-01
74	130128	3	2019-01-01
74	130729	3	2019-01-01
74	131826	3	2019-01-01
74	132569	3	2019-01-01
74	133172	3	2019-01-01
74	133766	3	2019-01-01
74	138282	3	2019-01-01
74	138547	3	2019-01-01
74	138817	3	2019-01-01
74	138865	3	2019-01-01
74	139765	3	2019-01-01
74	139818	3	2019-01-01
74	141033	3	2019-01-01
74	142006	1	2019-01-01
74	143482	3	2019-01-01
74	154761	3	2019-01-01
74	159499	3	2019-01-01
74	610910	2	2019-01-01
74	619231	3	2019-01-01
74	717572	3	2019-01-01
74	718376	3	2019-01-01
PACA	79865	2	2017-01-01
PACA	80162	1	2017-01-01
PACA	80238	2	2017-01-01
PACA	80263	1	2017-01-01
PACA	80347	2	2017-01-01
PACA	80739	2	2017-01-01
PACA	80912	2	2017-01-01
PACA	80955	2	2017-01-01
PACA	81019	2	2017-01-01
PACA	81286	1	2017-01-01
PACA	81287	2	2017-01-01
PACA	81297	1	2017-01-01
PACA	81316	2	2017-01-01
PACA	81350	2	2017-01-01
PACA	81421	2	2017-01-01
PACA	81449	1	2017-01-01
PACA	81463	2	2017-01-01
PACA	81506	1	2017-01-01
PACA	81507	2	2017-01-01
PACA	81530	1	2017-01-01
PACA	81538	2	2017-01-01
PACA	81610	2	2017-01-01
PACA	81624	2	2017-01-01
PACA	81869	2	2017-01-01
PACA	81926	1	2017-01-01
PACA	81943	2	2017-01-01
PACA	81966	2	2017-01-01
PACA	82130	2	2017-01-01
PACA	82283	2	2017-01-01
PACA	82286	2	2017-01-01
PACA	82287	2	2017-01-01
PACA	82305	2	2017-01-01
PACA	82315	2	2017-01-01
PACA	82350	2	2017-01-01
PACA	82356	2	2017-01-01
PACA	82391	2	2017-01-01
PACA	82408	2	2017-01-01
PACA	82492	2	2017-01-01
PACA	82619	2	2017-01-01
PACA	82642	2	2017-01-01
PACA	82755	2	2017-01-01
PACA	82833	2	2017-01-01
PACA	82856	2	2017-01-01
PACA	82880	2	2017-01-01
PACA	82909	2	2017-01-01
PACA	82965	2	2017-01-01
PACA	82972	1	2017-01-01
PACA	83276	1	2017-01-01
PACA	83563	2	2017-01-01
PACA	83615	2	2017-01-01
PACA	83636	1	2017-01-01
PACA	83755	2	2017-01-01
PACA	83790	2	2017-01-01
PACA	83810	1	2017-01-01
PACA	83941	1	2017-01-01
PACA	83943	2	2017-01-01
PACA	83945	2	2017-01-01
PACA	83992	1	2017-01-01
PACA	84005	1	2017-01-01
PACA	84195	1	2017-01-01
PACA	84277	2	2017-01-01
PACA	84297	1	2017-01-01
PACA	84310	2	2017-01-01
PACA	84312	2	2017-01-01
PACA	84466	2	2017-01-01
PACA	84487	2	2017-01-01
PACA	84494	1	2017-01-01
PACA	84501	2	2017-01-01
PACA	84522	2	2017-01-01
PACA	84738	2	2017-01-01
PACA	84834	2	2017-01-01
PACA	84910	1	2017-01-01
PACA	85017	2	2017-01-01
PACA	85020	2	2017-01-01
PACA	85079	1	2017-01-01
PACA	85114	2	2017-01-01
PACA	85132	2	2017-01-01
PACA	85486	2	2017-01-01
PACA	85628	2	2017-01-01
PACA	85714	1	2017-01-01
PACA	85715	1	2017-01-01
PACA	85946	2	2017-01-01
PACA	85999	2	2017-01-01
PACA	86021	2	2017-01-01
PACA	86085	2	2017-01-01
PACA	86122	2	2017-01-01
PACA	86394	2	2017-01-01
PACA	86881	2	2017-01-01
PACA	86883	2	2017-01-01
PACA	87102	2	2017-01-01
PACA	87106	2	2017-01-01
PACA	87136	2	2017-01-01
PACA	87453	2	2017-01-01
PACA	87581	2	2017-01-01
PACA	87601	1	2017-01-01
PACA	87647	2	2017-01-01
PACA	87733	2	2017-01-01
PACA	87740	2	2017-01-01
PACA	87964	2	2017-01-01
PACA	88062	2	2017-01-01
PACA	88077	2	2017-01-01
PACA	88178	2	2017-01-01
PACA	88314	2	2017-01-01
PACA	88389	2	2017-01-01
PACA	88404	2	2017-01-01
PACA	88468	2	2017-01-01
PACA	88478	2	2017-01-01
PACA	88491	2	2017-01-01
PACA	88550	2	2017-01-01
PACA	88561	2	2017-01-01
PACA	88571	2	2017-01-01
PACA	88576	2	2017-01-01
PACA	88614	2	2017-01-01
PACA	88732	2	2017-01-01
PACA	88788	2	2017-01-01
PACA	88794	2	2017-01-01
PACA	88804	2	2017-01-01
PACA	88833	2	2017-01-01
PACA	88942	2	2017-01-01
PACA	88949	2	2017-01-01
PACA	89161	2	2017-01-01
PACA	89334	2	2017-01-01
PACA	89610	2	2017-01-01
PACA	89623	1	2017-01-01
PACA	89676	1	2017-01-01
PACA	89716	2	2017-01-01
PACA	89841	1	2017-01-01
PACA	89847	2	2017-01-01
PACA	89936	2	2017-01-01
PACA	89945	2	2017-01-01
PACA	90092	2	2017-01-01
PACA	90208	2	2017-01-01
PACA	90222	2	2017-01-01
PACA	90258	2	2017-01-01
PACA	90335	1	2017-01-01
PACA	90344	2	2017-01-01
PACA	90389	2	2017-01-01
PACA	90461	2	2017-01-01
PACA	90653	1	2017-01-01
PACA	91010	2	2017-01-01
PACA	91132	2	2017-01-01
PACA	91647	1	2017-01-01
PACA	91680	2	2017-01-01
PACA	91941	1	2017-01-01
PACA	92107	2	2017-01-01
PACA	92139	2	2017-01-01
PACA	92175	2	2017-01-01
PACA	92254	2	2017-01-01
PACA	92329	1	2017-01-01
PACA	92331	2	2017-01-01
PACA	92356	2	2017-01-01
PACA	92358	2	2017-01-01
PACA	92481	1	2017-01-01
PACA	92537	2	2017-01-01
PACA	92544	1	2017-01-01
PACA	92567	2	2017-01-01
PACA	92613	2	2017-01-01
PACA	92614	2	2017-01-01
PACA	92615	2	2017-01-01
PACA	92651	2	2017-01-01
PACA	92700	1	2017-01-01
PACA	92807	2	2017-01-01
PACA	93015	2	2017-01-01
PACA	93023	2	2017-01-01
PACA	93140	2	2017-01-01
PACA	93167	2	2017-01-01
PACA	93171	2	2017-01-01
PACA	93236	1	2017-01-01
PACA	93298	2	2017-01-01
PACA	93454	2	2017-01-01
PACA	93463	2	2017-01-01
PACA	93777	1	2017-01-01
PACA	93844	2	2017-01-01
PACA	93898	2	2017-01-01
PACA	93906	1	2017-01-01
PACA	93929	2	2017-01-01
PACA	94014	2	2017-01-01
PACA	94136	1	2017-01-01
PACA	94270	2	2017-01-01
PACA	94392	1	2017-01-01
PACA	94398	2	2017-01-01
PACA	94402	2	2017-01-01
PACA	94449	2	2017-01-01
PACA	94464	2	2017-01-01
PACA	94599	2	2017-01-01
PACA	94743	2	2017-01-01
PACA	94830	2	2017-01-01
PACA	95055	2	2017-01-01
PACA	95141	2	2017-01-01
PACA	95285	2	2017-01-01
PACA	95601	2	2017-01-01
PACA	95697	2	2017-01-01
PACA	95745	2	2017-01-01
PACA	95758	2	2017-01-01
PACA	95847	1	2017-01-01
PACA	95864	2	2017-01-01
PACA	95889	2	2017-01-01
PACA	95916	2	2017-01-01
PACA	96032	2	2017-01-01
PACA	96476	2	2017-01-01
PACA	96580	2	2017-01-01
PACA	96585	2	2017-01-01
PACA	96628	2	2017-01-01
PACA	96667	2	2017-01-01
PACA	96887	2	2017-01-01
PACA	96893	2	2017-01-01
PACA	96911	1	2017-01-01
PACA	96939	1	2017-01-01
PACA	97116	2	2017-01-01
PACA	97145	2	2017-01-01
PACA	97148	2	2017-01-01
PACA	97424	1	2017-01-01
PACA	97472	2	2017-01-01
PACA	97492	2	2017-01-01
PACA	97533	1	2017-01-01
PACA	97541	2	2017-01-01
PACA	97556	2	2017-01-01
PACA	97564	2	2017-01-01
PACA	97601	2	2017-01-01
PACA	97604	2	2017-01-01
PACA	97607	2	2017-01-01
PACA	97615	2	2017-01-01
PACA	97616	2	2017-01-01
PACA	97676	2	2017-01-01
PACA	97687	2	2017-01-01
PACA	97904	1	2017-01-01
PACA	98404	2	2017-01-01
PACA	98527	2	2017-01-01
PACA	98640	2	2017-01-01
PACA	98967	2	2017-01-01
PACA	98978	1	2017-01-01
PACA	98979	2	2017-01-01
PACA	98988	2	2017-01-01
PACA	99021	2	2017-01-01
PACA	99053	2	2017-01-01
PACA	99072	1	2017-01-01
PACA	99077	2	2017-01-01
PACA	99260	2	2017-01-01
PACA	99326	2	2017-01-01
PACA	99399	2	2017-01-01
PACA	99470	2	2017-01-01
PACA	99521	2	2017-01-01
PACA	99530	2	2017-01-01
PACA	99554	2	2017-01-01
PACA	99580	2	2017-01-01
PACA	99776	1	2017-01-01
PACA	99777	1	2017-01-01
PACA	99857	2	2017-01-01
PACA	99899	2	2017-01-01
PACA	99922	2	2017-01-01
PACA	99936	2	2017-01-01
PACA	100076	2	2017-01-01
PACA	100187	2	2017-01-01
PACA	100201	2	2017-01-01
PACA	100269	2	2017-01-01
PACA	100288	2	2017-01-01
PACA	100304	2	2017-01-01
PACA	100356	2	2017-01-01
PACA	100427	2	2017-01-01
PACA	100519	2	2017-01-01
PACA	100614	2	2017-01-01
PACA	100710	2	2017-01-01
PACA	100824	2	2017-01-01
PACA	100827	2	2017-01-01
PACA	100851	2	2017-01-01
PACA	100942	2	2017-01-01
PACA	100945	1	2017-01-01
PACA	100946	2	2017-01-01
PACA	100992	2	2017-01-01
PACA	101080	2	2017-01-01
PACA	101126	2	2017-01-01
PACA	101155	2	2017-01-01
PACA	101295	2	2017-01-01
PACA	101315	2	2017-01-01
PACA	102870	2	2017-01-01
PACA	102876	2	2017-01-01
PACA	102901	2	2017-01-01
PACA	102959	2	2017-01-01
PACA	102968	2	2017-01-01
PACA	103005	2	2017-01-01
PACA	103009	2	2017-01-01
PACA	103056	2	2017-01-01
PACA	103120	2	2017-01-01
PACA	103142	2	2017-01-01
PACA	103207	2	2017-01-01
PACA	103219	2	2017-01-01
PACA	103233	2	2017-01-01
PACA	103246	2	2017-01-01
PACA	103315	2	2017-01-01
PACA	103330	2	2017-01-01
PACA	103420	1	2017-01-01
PACA	103433	2	2017-01-01
PACA	103469	2	2017-01-01
PACA	103562	2	2017-01-01
PACA	103598	2	2017-01-01
PACA	103626	1	2017-01-01
PACA	103840	2	2017-01-01
PACA	103842	1	2017-01-01
PACA	103898	2	2017-01-01
PACA	103995	2	2017-01-01
PACA	104052	1	2017-01-01
PACA	104148	2	2017-01-01
PACA	104192	2	2017-01-01
PACA	104235	2	2017-01-01
PACA	104302	2	2017-01-01
PACA	104337	2	2017-01-01
PACA	104341	2	2017-01-01
PACA	104349	2	2017-01-01
PACA	104430	2	2017-01-01
PACA	104500	2	2017-01-01
PACA	104501	2	2017-01-01
PACA	104502	2	2017-01-01
PACA	104558	2	2017-01-01
PACA	104613	2	2017-01-01
PACA	104766	2	2017-01-01
PACA	104845	2	2017-01-01
PACA	105159	2	2017-01-01
PACA	105178	2	2017-01-01
PACA	105239	2	2017-01-01
PACA	105400	2	2017-01-01
PACA	105427	2	2017-01-01
PACA	105441	2	2017-01-01
PACA	105548	2	2017-01-01
PACA	105641	2	2017-01-01
PACA	105680	2	2017-01-01
PACA	105687	2	2017-01-01
PACA	105775	2	2017-01-01
PACA	105816	2	2017-01-01
PACA	105827	1	2017-01-01
PACA	105837	1	2017-01-01
PACA	105980	2	2017-01-01
PACA	105991	2	2017-01-01
PACA	106046	2	2017-01-01
PACA	106056	1	2017-01-01
PACA	106058	1	2017-01-01
PACA	106068	1	2017-01-01
PACA	106077	2	2017-01-01
PACA	106097	1	2017-01-01
PACA	106150	2	2017-01-01
PACA	106313	2	2017-01-01
PACA	106351	2	2017-01-01
PACA	106353	2	2017-01-01
PACA	106374	2	2017-01-01
PACA	106446	2	2017-01-01
PACA	106497	2	2017-01-01
PACA	106535	2	2017-01-01
PACA	106536	2	2017-01-01
PACA	106651	1	2017-01-01
PACA	106666	2	2017-01-01
PACA	106696	2	2017-01-01
PACA	106747	2	2017-01-01
PACA	106852	2	2017-01-01
PACA	106918	2	2017-01-01
PACA	107085	2	2017-01-01
PACA	107108	1	2017-01-01
PACA	107115	2	2017-01-01
PACA	107123	2	2017-01-01
PACA	107125	2	2017-01-01
PACA	107185	2	2017-01-01
PACA	107190	1	2017-01-01
PACA	107233	2	2017-01-01
PACA	107286	2	2017-01-01
PACA	107295	2	2017-01-01
PACA	107302	2	2017-01-01
PACA	107323	2	2017-01-01
PACA	107347	2	2017-01-01
PACA	107351	2	2017-01-01
PACA	107495	2	2017-01-01
PACA	107500	2	2017-01-01
PACA	107506	1	2017-01-01
PACA	107588	2	2017-01-01
PACA	107605	2	2017-01-01
PACA	107606	2	2017-01-01
PACA	107654	2	2017-01-01
PACA	107692	2	2017-01-01
PACA	107712	2	2017-01-01
PACA	107728	1	2017-01-01
PACA	107905	2	2017-01-01
PACA	107936	2	2017-01-01
PACA	107963	2	2017-01-01
PACA	108029	2	2017-01-01
PACA	108044	2	2017-01-01
PACA	108345	2	2017-01-01
PACA	108350	2	2017-01-01
PACA	108399	2	2017-01-01
PACA	108507	2	2017-01-01
PACA	108543	2	2017-01-01
PACA	108683	1	2017-01-01
PACA	108684	2	2017-01-01
PACA	108694	2	2017-01-01
PACA	108714	1	2017-01-01
PACA	108869	2	2017-01-01
PACA	109011	2	2017-01-01
PACA	109057	2	2017-01-01
PACA	109080	1	2017-01-01
PACA	109099	2	2017-01-01
PACA	109121	2	2017-01-01
PACA	109126	2	2017-01-01
PACA	109151	2	2017-01-01
PACA	109213	2	2017-01-01
PACA	109215	2	2017-01-01
PACA	109234	2	2017-01-01
PACA	109252	2	2017-01-01
PACA	109309	2	2017-01-01
PACA	109346	2	2017-01-01
PACA	109496	1	2017-01-01
PACA	109498	2	2017-01-01
PACA	109516	2	2017-01-01
PACA	109584	2	2017-01-01
PACA	109636	2	2017-01-01
PACA	109678	2	2017-01-01
PACA	109684	2	2017-01-01
PACA	109732	2	2017-01-01
PACA	109750	2	2017-01-01
PACA	109769	2	2017-01-01
PACA	109869	2	2017-01-01
PACA	109874	1	2017-01-01
PACA	109881	2	2017-01-01
PACA	110068	1	2017-01-01
PACA	110171	2	2017-01-01
PACA	110207	2	2017-01-01
PACA	110218	2	2017-01-01
PACA	110241	2	2017-01-01
PACA	110306	2	2017-01-01
PACA	110307	2	2017-01-01
PACA	110341	1	2017-01-01
PACA	110357	2	2017-01-01
PACA	110362	2	2017-01-01
PACA	110394	2	2017-01-01
PACA	110409	2	2017-01-01
PACA	110452	2	2017-01-01
PACA	110473	2	2017-01-01
PACA	110704	2	2017-01-01
PACA	111236	2	2017-01-01
PACA	111419	2	2017-01-01
PACA	111499	2	2017-01-01
PACA	111517	2	2017-01-01
PACA	111560	2	2017-01-01
PACA	111628	2	2017-01-01
PACA	111637	2	2017-01-01
PACA	111664	1	2017-01-01
PACA	111665	2	2017-01-01
PACA	111972	2	2017-01-01
PACA	112064	2	2017-01-01
PACA	112070	2	2017-01-01
PACA	112233	2	2017-01-01
PACA	112347	2	2017-01-01
PACA	112396	2	2017-01-01
PACA	112405	2	2017-01-01
PACA	112431	2	2017-01-01
PACA	112439	2	2017-01-01
PACA	112573	2	2017-01-01
PACA	112590	2	2017-01-01
PACA	112727	2	2017-01-01
PACA	112746	2	2017-01-01
PACA	112747	2	2017-01-01
PACA	112810	2	2017-01-01
PACA	112821	2	2017-01-01
PACA	112980	2	2017-01-01
PACA	113016	2	2017-01-01
PACA	113076	2	2017-01-01
PACA	113093	2	2017-01-01
PACA	113096	2	2017-01-01
PACA	113178	2	2017-01-01
PACA	113230	2	2017-01-01
PACA	113369	1	2017-01-01
PACA	113410	1	2017-01-01
PACA	113586	2	2017-01-01
PACA	113612	1	2017-01-01
PACA	113626	1	2017-01-01
PACA	113632	1	2017-01-01
PACA	113805	2	2017-01-01
PACA	113843	2	2017-01-01
PACA	113975	2	2017-01-01
PACA	114035	2	2017-01-01
PACA	114209	2	2017-01-01
PACA	114312	2	2017-01-01
PACA	114519	2	2017-01-01
PACA	114554	2	2017-01-01
PACA	114586	2	2017-01-01
PACA	114660	2	2017-01-01
PACA	114854	1	2017-01-01
PACA	115030	2	2017-01-01
PACA	115237	2	2017-01-01
PACA	115245	2	2017-01-01
PACA	115270	2	2017-01-01
PACA	115280	2	2017-01-01
PACA	115296	2	2017-01-01
PACA	115305	2	2017-01-01
PACA	115395	2	2017-01-01
PACA	115458	1	2017-01-01
PACA	115486	2	2017-01-01
PACA	115573	2	2017-01-01
PACA	115637	2	2017-01-01
PACA	115687	2	2017-01-01
PACA	115797	2	2017-01-01
PACA	115833	2	2017-01-01
PACA	115903	1	2017-01-01
PACA	116210	2	2017-01-01
PACA	116272	2	2017-01-01
PACA	116323	1	2017-01-01
PACA	116349	2	2017-01-01
PACA	116405	2	2017-01-01
PACA	116870	2	2017-01-01
PACA	116963	1	2017-01-01
PACA	116979	2	2017-01-01
PACA	117025	2	2017-01-01
PACA	117090	2	2017-01-01
PACA	117096	2	2017-01-01
PACA	117146	2	2017-01-01
PACA	117156	2	2017-01-01
PACA	117165	1	2017-01-01
PACA	117205	1	2017-01-01
PACA	117221	2	2017-01-01
PACA	117224	2	2017-01-01
PACA	117268	2	2017-01-01
PACA	117573	2	2017-01-01
PACA	117624	1	2017-01-01
PACA	117876	1	2017-01-01
PACA	117885	1	2017-01-01
PACA	117886	1	2017-01-01
PACA	117897	1	2017-01-01
PACA	117921	2	2017-01-01
PACA	117933	2	2017-01-01
PACA	117944	2	2017-01-01
PACA	118877	2	2017-01-01
PACA	119509	1	2017-01-01
PACA	119579	2	2017-01-01
PACA	119710	2	2017-01-01
PACA	119831	2	2017-01-01
PACA	119860	2	2017-01-01
PACA	121012	2	2017-01-01
PACA	121035	2	2017-01-01
PACA	121054	2	2017-01-01
PACA	121120	2	2017-01-01
PACA	121144	2	2017-01-01
PACA	121205	2	2017-01-01
PACA	121455	2	2017-01-01
PACA	121549	2	2017-01-01
PACA	121550	2	2017-01-01
PACA	121552	2	2017-01-01
PACA	121553	2	2017-01-01
PACA	121556	2	2017-01-01
PACA	121570	2	2017-01-01
PACA	121902	2	2017-01-01
PACA	121937	2	2017-01-01
PACA	121971	2	2017-01-01
PACA	121999	2	2017-01-01
PACA	122029	2	2017-01-01
PACA	122069	2	2017-01-01
PACA	122163	2	2017-01-01
PACA	122195	2	2017-01-01
PACA	122209	2	2017-01-01
PACA	122215	2	2017-01-01
PACA	122819	2	2017-01-01
PACA	122824	1	2017-01-01
PACA	122830	2	2017-01-01
PACA	122836	2	2017-01-01
PACA	123102	2	2017-01-01
PACA	123402	1	2017-01-01
PACA	123425	2	2017-01-01
PACA	123450	2	2017-01-01
PACA	123507	2	2017-01-01
PACA	123557	2	2017-01-01
PACA	123561	1	2017-01-01
PACA	123597	2	2017-01-01
PACA	123632	2	2017-01-01
PACA	123669	2	2017-01-01
PACA	123708	2	2017-01-01
PACA	123773	2	2017-01-01
PACA	123785	2	2017-01-01
PACA	123960	2	2017-01-01
PACA	124150	2	2017-01-01
PACA	124407	2	2017-01-01
PACA	124412	2	2017-01-01
PACA	124504	2	2017-01-01
PACA	124534	2	2017-01-01
PACA	124707	2	2017-01-01
PACA	124753	2	2017-01-01
PACA	124775	2	2017-01-01
PACA	124785	1	2017-01-01
PACA	124796	2	2017-01-01
PACA	124798	2	2017-01-01
PACA	124848	1	2017-01-01
PACA	125120	2	2017-01-01
PACA	125247	2	2017-01-01
PACA	125312	2	2017-01-01
PACA	125343	2	2017-01-01
PACA	125412	2	2017-01-01
PACA	125892	1	2017-01-01
PACA	125970	1	2017-01-01
PACA	125990	1	2017-01-01
PACA	126006	2	2017-01-01
PACA	126007	1	2017-01-01
PACA	126023	1	2017-01-01
PACA	126124	2	2017-01-01
PACA	126150	2	2017-01-01
PACA	126276	2	2017-01-01
PACA	126469	2	2017-01-01
PACA	126478	2	2017-01-01
PACA	127266	2	2017-01-01
PACA	127291	2	2017-01-01
PACA	127333	2	2017-01-01
PACA	127387	2	2017-01-01
PACA	127416	1	2017-01-01
PACA	127429	2	2017-01-01
PACA	127457	2	2017-01-01
PACA	127469	2	2017-01-01
PACA	127496	2	2017-01-01
PACA	127537	2	2017-01-01
PACA	127638	2	2017-01-01
PACA	127988	2	2017-01-01
PACA	128062	2	2017-01-01
PACA	128078	2	2017-01-01
PACA	128084	2	2017-01-01
PACA	128127	2	2017-01-01
PACA	128285	2	2017-01-01
PACA	128307	2	2017-01-01
PACA	128315	2	2017-01-01
PACA	128322	2	2017-01-01
PACA	128469	2	2017-01-01
PACA	128504	2	2017-01-01
PACA	128512	2	2017-01-01
PACA	128518	2	2017-01-01
PACA	128567	2	2017-01-01
PACA	128762	1	2017-01-01
PACA	128782	1	2017-01-01
PACA	128793	2	2017-01-01
PACA	128924	2	2017-01-01
PACA	129000	2	2017-01-01
PACA	129031	2	2017-01-01
PACA	129032	2	2017-01-01
PACA	129102	2	2017-01-01
PACA	129124	2	2017-01-01
PACA	129150	2	2017-01-01
PACA	129157	2	2017-01-01
PACA	129165	2	2017-01-01
PACA	129203	2	2017-01-01
PACA	129233	2	2017-01-01
PACA	129290	2	2017-01-01
PACA	129307	2	2017-01-01
PACA	129463	2	2017-01-01
PACA	129481	2	2017-01-01
PACA	129500	1	2017-01-01
PACA	129503	2	2017-01-01
PACA	129646	2	2017-01-01
PACA	129660	2	2017-01-01
PACA	129719	2	2017-01-01
PACA	129730	2	2017-01-01
PACA	129914	2	2017-01-01
PACA	130005	2	2017-01-01
PACA	130015	2	2017-01-01
PACA	130022	2	2017-01-01
PACA	130040	2	2017-01-01
PACA	130749	2	2017-01-01
PACA	130885	2	2017-01-01
PACA	131286	2	2017-01-01
PACA	131314	2	2017-01-01
PACA	131360	2	2017-01-01
PACA	131373	2	2017-01-01
PACA	131429	2	2017-01-01
PACA	131503	2	2017-01-01
PACA	131709	2	2017-01-01
PACA	132137	2	2017-01-01
PACA	132196	2	2017-01-01
PACA	132222	2	2017-01-01
PACA	132371	2	2017-01-01
PACA	132676	2	2017-01-01
PACA	132919	1	2017-01-01
PACA	132920	1	2017-01-01
PACA	132921	1	2017-01-01
PACA	132922	1	2017-01-01
PACA	132972	2	2017-01-01
PACA	133359	2	2017-01-01
PACA	134087	2	2017-01-01
PACA	134101	2	2017-01-01
PACA	134355	2	2017-01-01
PACA	134372	2	2017-01-01
PACA	134418	1	2017-01-01
PACA	134477	2	2017-01-01
PACA	134785	2	2017-01-01
PACA	135020	2	2017-01-01
PACA	135158	2	2017-01-01
PACA	135254	2	2017-01-01
PACA	136812	1	2017-01-01
PACA	136879	2	2017-01-01
PACA	136984	2	2017-01-01
PACA	137648	2	2017-01-01
PACA	137844	2	2017-01-01
PACA	137907	2	2017-01-01
PACA	137914	2	2017-01-01
PACA	138089	2	2017-01-01
PACA	138235	1	2017-01-01
PACA	138241	1	2017-01-01
PACA	138672	1	2017-01-01
PACA	139086	2	2017-01-01
PACA	139772	2	2017-01-01
PACA	139852	2	2017-01-01
PACA	140386	2	2017-01-01
PACA	140410	2	2017-01-01
PACA	140827	1	2017-01-01
PACA	140970	1	2017-01-01
PACA	141090	2	2017-01-01
PACA	141577	1	2017-01-01
PACA	141648	2	2017-01-01
PACA	141692	2	2017-01-01
PACA	141953	2	2017-01-01
PACA	142006	1	2017-01-01
PACA	142111	2	2017-01-01
PACA	159678	2	2017-01-01
PACA	159924	2	2017-01-01
PACA	160269	2	2017-01-01
PACA	160395	2	2017-01-01
PACA	160965	2	2017-01-01
PACA	161239	1	2017-01-01
PACA	161281	1	2017-01-01
PACA	161703	1	2017-01-01
PACA	447038	2	2017-01-01
PACA	459326	1	2017-01-01
PACA	608746	2	2017-01-01
PACA	608749	1	2017-01-01
PACA	610607	1	2017-01-01
PACA	610608	1	2017-01-01
PACA	610644	2	2017-01-01
PACA	610654	1	2017-01-01
PACA	610704	2	2017-01-01
PACA	610735	1	2017-01-01
PACA	610876	1	2017-01-01
PACA	610877	2	2017-01-01
PACA	610910	2	2017-01-01
PACA	610916	2	2017-01-01
PACA	611324	1	2017-01-01
PACA	611325	2	2017-01-01
PACA	611394	2	2017-01-01
PACA	611482	1	2017-01-01
PACA	611570	2	2017-01-01
PACA	611920	2	2017-01-01
PACA	611922	2	2017-01-01
PACA	612262	2	2017-01-01
PACA	612395	1	2017-01-01
PACA	612465	2	2017-01-01
PACA	612475	1	2017-01-01
PACA	612520	2	2017-01-01
PACA	612521	2	2017-01-01
PACA	612556	2	2017-01-01
PACA	612569	2	2017-01-01
PACA	612580	2	2017-01-01
PACA	612626	1	2017-01-01
PACA	612649	2	2017-01-01
PACA	619065	2	2017-01-01
PACA	619194	2	2017-01-01
PACA	619438	2	2017-01-01
PACA	621126	2	2017-01-01
PACA	717206	2	2017-01-01
PACA	717275	2	2017-01-01
PACA	717276	2	2017-01-01
PACA	717294	2	2017-01-01
PACA	717317	2	2017-01-01
PACA	717358	2	2017-01-01
PACA	717361	2	2017-01-01
PACA	717362	2	2017-01-01
PACA	717557	2	2017-01-01
PACA	717561	2	2017-01-01
PACA	717568	2	2017-01-01
PACA	717686	2	2017-01-01
PACA	717697	1	2017-01-01
PACA	717747	2	2017-01-01
PACA	717776	1	2017-01-01
PACA	717782	2	2017-01-01
PACA	717790	2	2017-01-01
PACA	717791	2	2017-01-01
PACA	717797	2	2017-01-01
PACA	718295	1	2017-01-01
PACA	718346	2	2017-01-01
PACA	718400	2	2017-01-01
PACA	719215	2	2017-01-01
PACA	788856	1	2017-01-01
PACA	788873	1	2017-01-01
PACA	788879	2	2017-01-01
PACA	810946	2	2017-01-01
PACA	810955	1	2017-01-01
PACA	810956	1	2017-01-01
PACA	888128	2	2017-01-01
PACA	888838	2	2017-01-01
PACA	892235	2	2017-01-01
